Reload,BRA
Hungry,BRA
link,
Evento 1,
link 2,
link 3,
link 4,
BRA,
Reload2,BRA
Reload222,ARG
Kirrrrkkk,DEF
Vodkax,CHI
Kirk,DEF
Supreme,CHI
rage,DEF
teste,USA
Flea,BRA
Rapha,BRA
Nosfa,BRA
Jutflea,CHI
Rage,DEF
Toinsane,DEF
jesus,DEF
Revolt,DEF
Maxter,ARG
r4Tm,BRA
K1rk,DEF
ReloadL,BRA
Liliane,SWE
Twopac,DEF
Viviane,BEL
Lenyrzinha,DEF
asd,BRA
M0n0cr0m4t1c0,BRA
Kolt,DEF
SupremeGTI,CHI
RaulTNT,MEX
IamNarak,EST
REload,MEX
St0n3,EST
Euler,SPA
Teste,USA
ad,
HungryWolfJan,EST
Palaboos,BEL
COOLLERZ,RUS
THOMAS TURBANNO,RUS
THOMAS,CAN
GNIK,CAN
SUPREMEGTI,CAN
Macmacmac,BRA
COLT,ARG
Nicolas,ITA
enemy killer,SPA
